{"cameraMode":{"drawMode":0,"name":"Shaded","section":"Shading Mode"},"sceneLighting":true,"audioPlay":false,"sceneViewState":{"showFog":true,"showMaterialUpdate":true,"showSkybox":true,"showFlares":true,"showImageEffects":true,"showParticleSystems":true},"in2DMode":false,"pivot":{"x":-1.4349231719970704,"y":3.0876054763793947,"z":-0.18552589416503907},"rotation":{"x":-0.05375715717673302,"y":0.9052304625511169,"z":-0.12047450244426727,"w":-0.4039243459701538},"size":14.56161117553711,"orthographic":false}